Student_ID,Section,Year_Level,Gender,Attendance,Quiz_Avg,Lab_Avg,Midterm,Final,GWA,Risk_Level
STU0001,C,2,Female,98.0,93.0,70.0,89.0,75.0,83.4,Low Risk
STU0002,C,1,Female,88.0,92.0,,88.0,96.0,88.2,Low Risk
STU0003,C,3,Female,74.0,82.0,92.0,65.0,81.0,78.7,Medium Risk
STU0004,D,4,Male,67.0,83.0,68.0,94.0,88.0,82.4,Low Risk
STU0005,A,4,Male,80.0,96.0,65.0,100.0,73.0,83.45,Low Risk
STU0006,C,2,Female,98.0,94.0,75.0,96.0,87.0,89.35,Low Risk
STU0007,C,4,Male,78.0,99.0,88.0,83.0,64.0,81.95,Low Risk
STU0008,B,3,Male,82.0,81.0,62.0,88.0,89.0,81.05,Low Risk
STU0009,A,4,Male,70.0,86.0,79.0,90.0,64.0,78.5,Medium Risk
STU0010,D,3,Male,70.0,94.0,95.0,94.0,71.0,86.05,Low Risk
STU0011,B,1,Female,83.0,60.0,78.0,92.0,75.0,77.65,Medium Risk
STU0012,C,1,Male,95.0,94.0,85.0,80.0,85.0,86.55,Low Risk
STU0013,B,3,Female,99.0,96.0,62.0,91.0,85.0,85.5,Low Risk
STU0014,B,2,Female,83.0,73.0,78.0,82.0,80.0,79.0,Medium Risk
STU0015,C,4,Male,62.0,62.0,79.0,92.0,98.0,81.9,Low Risk
STU0016,A,2,Female,81.0,60.0,91.0,62.0,95.0,77.55,Medium Risk
STU0017,A,4,Male,,64.0,66.0,77.0,92.0,74.35,Medium Risk
STU0018,B,1,Male,83.0,85.0,100.0,84.0,89.0,88.55,Low Risk
STU0019,C,1,Male,89.0,73.0,92.0,90.0,96.0,88.4,Low Risk
STU0020,D,1,Female,97.0,98.0,99.0,62.0,82.0,85.1,Low Risk
STU0021,B,4,Female,61.0,86.0,98.0,99.0,69.0,84.9,Low Risk
STU0022,D,1,Female,80.0,68.0,77.0,83.0,64.0,73.75,Medium Risk
STU0023,B,1,Male,92.0,74.0,99.0,91.0,,90.3,Low Risk
STU0024,B,1,Male,71.0,74.0,60.0,81.0,93.0,77.4,Medium Risk
STU0025,C,1,Male,81.0,85.0,70.0,82.0,90.0,82.1,Low Risk
STU0026,C,2,Female,84.0,,87.0,61.0,69.0,72.7,Medium Risk
STU0027,D,1,Male,86.0,91.0,84.0,86.0,78.0,84.6,Low Risk
STU0028,D,1,Male,87.0,98.0,82.0,61.0,91.0,82.7,Low Risk
STU0029,A,2,Female,75.0,91.0,90.0,85.0,60.0,79.95,Medium Risk
STU0030,C,2,Female,74.0,63.0,89.0,76.0,64.0,72.8,Medium Risk
STU0031,B,4,Female,62.0,89.0,94.0,99.0,63.0,83.3,Low Risk
STU0032,B,3,Male,96.0,96.0,66.0,92.0,75.0,83.75,Low Risk
STU0033,A,1,Male,66.0,82.0,75.0,68.0,,75.75,Medium Risk
STU0034,C,1,Male,80.0,,85.0,98.0,75.0,87.85,Low Risk
STU0035,B,1,Female,68.0,74.0,61.0,88.0,61.0,71.05,Medium Risk
STU0036,A,4,Female,98.0,88.0,60.0,,87.0,82.4,Low Risk
STU0037,A,1,Female,77.0,95.0,71.0,94.0,91.0,87.15,Low Risk
STU0038,B,3,Female,63.0,72.0,64.0,84.0,86.0,76.0,Medium Risk
STU0039,B,2,Male,84.0,91.0,96.0,83.0,79.0,86.3,Low Risk
STU0040,D,4,Male,73.0,66.0,91.0,72.0,83.0,77.45,Medium Risk
STU0041,C,2,Male,68.0,81.0,68.0,66.0,71.0,70.85,Medium Risk
STU0042,D,1,Male,85.0,87.0,100.0,95.0,94.0,93.15,Low Risk
STU0043,A,1,Male,61.0,61.0,,79.0,92.0,79.85,Medium Risk
STU0044,B,1,Male,79.0,65.0,78.0,60.0,92.0,74.5,Medium Risk
STU0045,D,3,Male,87.0,,75.0,67.0,96.0,81.85,Low Risk
STU0046,A,3,Male,66.0,87.0,62.0,75.0,71.0,72.9,Medium Risk
STU0047,C,4,Female,67.0,79.0,79.0,73.0,62.0,72.05,Medium Risk
STU0048,B,2,Female,94.0,89.0,83.0,71.0,60.0,76.55,Medium Risk
STU0049,D,1,Male,73.0,70.0,92.0,82.0,92.0,83.2,Low Risk
STU0050,C,1,Female,76.0,87.0,83.0,74.0,99.0,84.85,Low Risk
STU0051,D,1,Male,95.0,84.0,70.0,87.0,69.0,79.3,Medium Risk
STU0052,A,1,Male,99.0,98.0,67.0,93.0,88.0,88.15,Low Risk
STU0053,C,3,Female,63.0,92.0,95.0,61.0,72.0,76.95,Medium Risk
STU0054,D,2,Male,61.0,60.0,97.0,91.0,71.0,78.0,Medium Risk
STU0055,C,2,Male,65.0,86.0,99.0,82.0,90.0,86.5,Low Risk
STU0056,A,4,Male,63.0,72.0,79.0,81.0,61.0,72.0,Medium Risk
STU0057,C,3,Male,88.0,100.0,94.0,84.0,94.0,92.1,Low Risk
STU0058,D,1,Male,77.0,62.0,84.0,81.0,82.0,77.65,Medium Risk
STU0059,A,2,Male,85.0,98.0,94.0,81.0,76.0,86.15,Low Risk
STU0060,B,2,Male,93.0,65.0,84.0,65.0,85.0,76.6,Medium Risk
STU0061,D,3,Female,69.0,67.0,88.0,74.0,67.0,73.15,Medium Risk
STU0062,D,4,Female,95.0,86.0,77.0,96.0,88.0,88.1,Low Risk
STU0063,A,4,Male,73.0,68.0,77.0,92.0,85.0,80.55,Low Risk
STU0064,A,1,Female,90.0,96.0,61.0,67.0,69.0,74.4,Medium Risk
STU0065,B,4,Male,74.0,92.0,94.0,64.0,85.0,81.85,Low Risk
STU0066,D,2,Male,67.0,83.0,75.0,98.0,93.0,86.05,Low Risk
STU0067,A,4,Male,73.0,74.0,100.0,63.0,100.0,82.85,Low Risk
STU0068,B,1,Male,82.0,91.0,95.0,65.0,66.0,78.15,Medium Risk
STU0069,B,2,Female,,91.0,92.0,91.0,63.0,85.0,Low Risk
STU0070,A,4,Female,80.0,83.0,63.0,89.0,70.0,76.95,Medium Risk
STU0071,D,4,Female,75.0,100.0,92.0,94.0,88.0,91.4,Low Risk
STU0072,C,3,Female,77.0,71.0,73.0,,95.0,85.0,Low Risk
STU0073,C,1,Male,83.0,98.0,80.0,75.0,84.0,83.65,Low Risk
STU0074,B,4,Female,85.0,61.0,79.0,72.0,80.0,74.5,Medium Risk
STU0075,C,3,Male,84.0,62.0,67.0,,95.0,80.2,Low Risk
STU0076,C,2,Male,100.0,96.0,66.0,78.0,69.0,79.15,Medium Risk
STU0077,A,3,Female,88.0,76.0,62.0,76.0,96.0,79.4,Medium Risk
STU0078,B,3,Male,74.0,61.0,76.0,78.0,68.0,71.3,Medium Risk
STU0079,D,4,Female,60.0,61.0,,87.0,83.0,79.1,Medium Risk
STU0080,B,4,Female,84.0,87.0,71.0,85.0,94.0,84.75,Low Risk
STU0081,A,4,Female,66.0,82.0,81.0,96.0,94.0,86.7,Low Risk
STU0082,C,3,Female,68.0,96.0,81.0,85.0,95.0,87.2,Low Risk
STU0083,D,2,Female,83.0,91.0,89.0,82.0,77.0,84.05,Low Risk
STU0084,B,1,Male,60.0,92.0,97.0,68.0,98.0,85.3,Low Risk
STU0085,C,3,Female,67.0,60.0,97.0,71.0,91.0,78.6,Medium Risk
STU0086,B,4,Female,83.0,78.0,67.0,60.0,83.0,73.05,Medium Risk
STU0087,D,1,Male,70.0,61.0,86.0,60.0,82.0,71.9,Medium Risk
STU0088,B,2,Female,76.0,85.0,86.0,93.0,91.0,87.8,Low Risk
STU0089,B,1,Female,67.0,91.0,93.0,91.0,96.0,90.25,Low Risk
STU0090,B,4,Male,94.0,65.0,80.0,84.0,71.0,77.15,Medium Risk
STU0091,C,3,Male,94.0,91.0,89.0,,72.0,88.15,Low Risk
STU0092,D,3,Female,92.0,63.0,92.0,60.0,82.0,75.7,Medium Risk
STU0093,D,4,Male,64.0,70.0,87.0,75.0,84.0,77.55,Medium Risk
STU0094,C,3,Female,98.0,76.0,92.0,98.0,94.0,91.4,Low Risk
STU0095,C,4,Male,100.0,97.0,64.0,64.0,100.0,83.2,Low Risk
STU0096,C,3,Female,87.0,83.0,78.0,81.0,89.0,83.4,Low Risk
STU0097,A,3,Female,66.0,64.0,63.0,88.0,76.0,73.0,Medium Risk
STU0098,B,3,Female,68.0,93.0,94.0,62.0,79.0,79.45,Medium Risk
STU0099,B,2,Male,67.0,65.0,76.0,71.0,84.0,73.65,Medium Risk
STU0100,D,2,Female,,81.0,87.0,85.0,81.0,82.2,Low Risk
STU0101,C,4,Male,82.0,78.0,75.0,74.0,78.0,76.8,Medium Risk
STU0102,D,4,Male,70.0,69.0,79.0,73.0,69.0,72.1,Medium Risk
STU0103,B,2,Male,79.0,84.0,77.0,83.0,82.0,81.35,Low Risk
STU0104,C,2,Female,79.0,70.0,72.0,74.0,76.0,73.8,Medium Risk
STU0105,D,4,Male,93.0,97.0,88.0,100.0,81.0,91.55,Low Risk
STU0106,A,4,Female,79.0,75.0,82.0,70.0,81.0,77.05,Medium Risk
STU0107,B,2,Female,69.0,73.0,77.0,71.0,79.0,74.4,Medium Risk
STU0108,A,4,Male,95.0,94.0,87.0,93.0,87.0,90.7,Low Risk
STU0109,A,3,Male,80.0,76.0,82.0,80.0,68.0,76.6,Medium Risk
STU0110,D,3,Male,91.0,87.0,90.0,98.0,96.0,93.0,Low Risk
STU0111,A,4,Female,84.0,89.0,,88.0,86.0,86.9,Low Risk
STU0112,B,3,Male,83.0,72.0,70.0,79.0,75.0,75.2,Medium Risk
STU0113,A,2,Male,72.0,82.0,81.0,70.0,68.0,74.3,Medium Risk
STU0114,D,1,Male,86.0,88.0,94.0,94.0,89.0,90.75,Low Risk
STU0115,A,3,Male,61.0,71.0,58.0,59.0,61.0,61.9,High Risk
STU0116,B,1,Male,80.0,74.0,69.0,77.0,80.0,75.85,Medium Risk
STU0117,B,1,Male,91.0,91.0,99.0,90.0,86.0,91.1,Low Risk
STU0118,D,3,Male,80.0,76.0,70.0,74.0,73.0,73.95,Medium Risk
STU0119,D,1,Female,68.0,77.0,79.0,82.0,76.0,77.5,Medium Risk
STU0120,A,1,Male,99.0,91.0,86.0,81.0,82.0,86.05,Low Risk
STU0121,A,3,Female,96.0,81.0,81.0,84.0,80.0,83.0,Low Risk
STU0122,C,2,Female,,60.0,58.0,65.0,71.0,64.2,High Risk
STU0123,A,1,Female,69.0,73.0,78.0,83.0,83.0,78.6,Medium Risk
STU0124,D,1,Male,83.0,70.0,,70.0,74.0,72.5,Medium Risk
STU0125,C,3,Female,74.0,75.0,68.0,78.0,77.0,74.75,Medium Risk
STU0126,B,4,Male,63.0,71.0,56.0,55.0,70.0,62.95,High Risk
STU0127,D,3,Female,88.0,88.0,82.0,98.0,95.0,91.05,Low Risk
STU0128,D,2,Female,80.0,99.0,90.0,96.0,87.0,91.55,Low Risk
STU0129,B,3,Female,70.0,83.0,70.0,81.0,69.0,75.1,Medium Risk
STU0130,A,4,Female,83.0,80.0,,80.0,93.0,84.15,Low Risk
STU0131,D,4,Male,75.0,74.0,70.0,84.0,68.0,74.3,Medium Risk
STU0132,C,3,Female,81.0,73.0,73.0,80.0,75.0,76.05,Medium Risk
STU0133,C,4,Male,68.0,82.0,68.0,72.0,83.0,75.55,Medium Risk
STU0134,C,4,Male,96.0,91.0,93.0,100.0,85.0,92.65,Low Risk
STU0135,D,3,Male,96.0,93.0,100.0,82.0,80.0,88.7,Low Risk
STU0136,B,4,Female,68.0,70.0,77.0,70.0,75.0,72.45,Medium Risk
STU0137,A,1,Male,69.0,77.0,69.0,84.0,75.0,75.85,Medium Risk
STU0138,A,4,Male,74.0,77.0,70.0,80.0,74.0,75.3,Medium Risk
STU0139,C,3,Male,62.0,68.0,70.0,68.0,66.0,67.3,High Risk
STU0140,B,3,Female,69.0,84.0,77.0,73.0,82.0,77.85,Medium Risk
STU0141,D,2,Male,75.0,79.0,79.0,72.0,74.0,75.6,Medium Risk
STU0142,A,2,Female,68.0,69.0,57.0,62.0,70.0,65.0,High Risk
STU0143,B,2,Male,84.0,72.0,76.0,79.0,68.0,74.75,Medium Risk
STU0144,A,3,Female,83.0,75.0,80.0,68.0,83.0,77.05,Medium Risk
STU0145,D,1,Male,70.0,79.0,83.0,72.0,81.0,77.65,Medium Risk
STU0146,A,3,Female,68.0,59.0,66.0,70.0,70.0,66.8,High Risk
STU0147,B,4,Male,68.0,59.0,64.0,59.0,,60.65,High Risk
STU0148,D,4,Female,57.0,55.0,59.0,67.0,58.0,59.75,High Risk
STU0149,A,3,Male,84.0,79.0,70.0,68.0,68.0,72.2,Medium Risk
STU0150,C,4,Male,82.0,80.0,80.0,87.0,89.0,84.2,Low Risk
STU0151,B,4,Male,69.0,68.0,56.0,57.0,71.0,63.7,High Risk
STU0152,B,1,Female,81.0,98.0,88.0,,83.0,87.55,Low Risk
STU0153,D,4,Male,71.0,71.0,77.0,72.0,76.0,73.7,Medium Risk
STU0154,D,4,Male,95.0,83.0,97.0,96.0,86.0,91.0,Low Risk
STU0155,A,2,Male,84.0,91.0,96.0,92.0,82.0,89.3,Low Risk
STU0156,A,1,Male,83.0,80.0,84.0,71.0,79.0,78.6,Medium Risk
STU0157,C,4,Male,61.0,68.0,69.0,70.0,59.0,65.75,High Risk
STU0158,B,3,Female,71.0,83.0,74.0,80.0,77.0,77.75,Medium Risk
STU0159,D,1,Female,72.0,70.0,78.0,78.0,82.0,76.8,Medium Risk
STU0160,D,2,Male,96.0,85.0,86.0,93.0,92.0,90.05,Low Risk
STU0161,D,4,Male,81.0,84.0,84.0,85.0,98.0,87.45,Low Risk
STU0162,B,4,Male,84.0,74.0,80.0,71.0,71.0,74.7,Medium Risk
STU0163,A,1,Female,79.0,74.0,77.0,74.0,70.0,74.1,Medium Risk
STU0164,A,4,Female,75.0,76.0,74.0,68.0,70.0,72.0,Medium Risk
STU0165,A,4,Male,84.0,68.0,73.0,73.0,79.0,74.6,Medium Risk
STU0166,C,3,Female,59.0,70.0,65.0,59.0,58.0,62.15,High Risk
STU0167,C,1,Male,69.0,63.0,71.0,68.0,69.0,67.95,High Risk
STU0168,D,4,Female,70.0,83.0,78.0,79.0,77.0,78.2,Medium Risk
STU0169,D,4,Male,75.0,71.0,75.0,72.0,76.0,73.7,Medium Risk
STU0170,A,1,Female,84.0,76.0,68.0,80.0,,77.95,Medium Risk
STU0171,D,2,Female,60.0,59.0,69.0,56.0,64.0,61.6,High Risk
STU0172,C,1,Female,72.0,68.0,68.0,82.0,84.0,75.9,Medium Risk
STU0173,C,3,Male,84.0,80.0,68.0,69.0,76.0,74.25,Medium Risk
STU0174,B,3,Male,61.0,60.0,71.0,59.0,59.0,61.8,High Risk
STU0175,A,2,Male,72.0,77.0,77.0,84.0,81.0,79.25,Medium Risk
STU0176,D,2,Female,92.0,83.0,80.0,96.0,87.0,87.55,Low Risk
STU0177,B,4,Male,74.0,69.0,70.0,79.0,68.0,71.95,Medium Risk
STU0178,A,1,Female,65.0,71.0,70.0,69.0,69.0,69.2,High Risk
STU0179,B,2,Male,74.0,73.0,69.0,73.0,69.0,71.3,Medium Risk
STU0180,C,1,Male,69.0,73.0,68.0,82.0,77.0,74.85,Medium Risk
STU0181,D,1,Female,89.0,96.0,89.0,96.0,99.0,94.65,Low Risk
STU0182,C,3,Male,69.0,,78.0,78.0,,78.75,Medium Risk
STU0183,D,4,Female,61.0,70.0,65.0,70.0,62.0,66.1,High Risk
STU0184,A,1,Male,70.0,70.0,72.0,77.0,73.0,72.9,Medium Risk
STU0185,C,1,Female,81.0,69.0,84.0,81.0,80.0,78.95,Medium Risk
STU0186,A,4,Male,94.0,90.0,95.0,96.0,83.0,91.15,Low Risk
STU0187,A,2,Female,82.0,82.0,81.0,81.0,69.0,78.3,Medium Risk
STU0188,C,3,Female,57.0,61.0,57.0,69.0,68.0,63.55,High Risk
STU0189,D,2,Male,64.0,60.0,57.0,69.0,59.0,61.8,High Risk
STU0190,B,3,Male,74.0,79.0,84.0,80.0,71.0,77.75,Medium Risk
STU0191,D,4,Male,82.0,71.0,82.0,69.0,82.0,76.55,Medium Risk
STU0192,C,4,Male,77.0,76.0,72.0,73.0,69.0,72.8,Medium Risk
STU0193,B,3,Female,84.0,80.0,100.0,100.0,85.0,90.65,Low Risk
STU0194,D,4,Male,65.0,63.0,57.0,62.0,59.0,60.75,High Risk
STU0195,B,1,Female,99.0,90.0,83.0,94.0,85.0,89.25,Low Risk
STU0196,B,3,Male,57.0,56.0,69.0,65.0,62.0,62.45,High Risk
STU0197,D,1,Female,85.0,83.0,98.0,99.0,80.0,89.45,Low Risk
STU0198,C,4,Male,64.0,68.0,60.0,59.0,,63.0,High Risk
STU0199,D,2,Male,68.0,73.0,77.0,72.0,77.0,74.05,Medium Risk
STU0200,C,3,Female,68.0,72.0,76.0,84.0,76.0,76.4,Medium Risk
STU0201,A,4,Male,70.0,84.0,72.0,79.0,81.0,78.2,Medium Risk
STU0202,D,2,Female,91.0,82.0,82.0,80.0,87.0,83.65,Low Risk
STU0203,D,2,Male,87.0,90.0,88.0,84.0,93.0,88.55,Low Risk
STU0204,A,2,Female,59.0,68.0,58.0,67.0,64.0,63.85,High Risk
STU0205,A,1,Male,75.0,81.0,73.0,,82.0,75.8,Medium Risk
STU0206,C,3,Male,81.0,93.0,100.0,87.0,87.0,90.2,Low Risk
STU0207,C,1,Male,70.0,74.0,75.0,77.0,82.0,76.55,Medium Risk
STU0208,C,3,Male,74.0,71.0,73.0,68.0,72.0,71.2,Medium Risk
STU0209,A,2,Female,60.0,56.0,64.0,59.0,64.0,60.75,High Risk
STU0210,A,1,Male,82.0,71.0,80.0,82.0,75.0,77.65,Medium Risk
STU0211,C,1,Female,80.0,69.0,71.0,,78.0,73.25,Medium Risk
STU0212,C,3,Female,64.0,,60.0,60.0,62.0,61.3,High Risk
STU0213,C,4,Female,91.0,92.0,87.0,97.0,80.0,89.15,Low Risk
STU0214,D,1,Female,79.0,71.0,83.0,71.0,72.0,74.45,Medium Risk
STU0215,B,3,Male,84.0,76.0,81.0,75.0,76.0,77.55,Medium Risk
STU0216,C,1,Male,59.0,68.0,58.0,55.0,62.0,60.35,High Risk
STU0217,B,2,Male,63.0,64.0,63.0,57.0,65.0,62.2,High Risk
STU0218,D,2,Male,69.0,84.0,78.0,79.0,74.0,77.55,Medium Risk
STU0219,C,1,Female,96.0,90.0,97.0,100.0,96.0,96.0,Low Risk
STU0220,B,3,Male,75.0,,74.0,68.0,80.0,76.1,Medium Risk
STU0221,B,3,Male,84.0,80.0,83.0,75.0,68.0,76.75,Medium Risk
STU0222,A,3,Male,84.0,73.0,71.0,68.0,75.0,72.95,Medium Risk
STU0223,D,1,Male,89.0,89.0,98.0,93.0,81.0,89.8,Low Risk
STU0224,D,3,Male,97.0,86.0,87.0,80.0,82.0,84.8,Low Risk
STU0225,D,3,Female,75.0,82.0,72.0,70.0,68.0,72.8,Medium Risk
STU0226,D,4,Male,62.0,68.0,68.0,65.0,70.0,67.15,High Risk
STU0227,A,3,Male,68.0,70.0,61.0,64.0,61.0,64.25,High Risk
STU0228,A,4,Male,67.0,58.0,56.0,55.0,69.0,60.5,High Risk
STU0229,B,4,Female,69.0,70.0,79.0,,72.0,72.7,Medium Risk
STU0230,B,4,Male,79.0,70.0,79.0,84.0,77.0,77.95,Medium Risk
STU0231,A,4,Female,96.0,97.0,98.0,96.0,93.0,95.85,Low Risk
STU0232,B,2,Male,74.0,76.0,78.0,81.0,,76.2,Medium Risk
STU0233,D,1,Female,61.0,59.0,65.0,60.0,64.0,61.9,High Risk
STU0234,C,4,Female,59.0,60.0,66.0,64.0,60.0,62.1,High Risk
STU0235,D,2,Female,74.0,77.0,80.0,84.0,81.0,80.05,Low Risk
STU0236,B,1,Male,80.0,98.0,100.0,83.0,98.0,92.85,Low Risk
STU0237,C,2,Female,90.0,83.0,96.0,86.0,87.0,88.05,Low Risk
STU0238,D,3,Male,72.0,68.0,71.0,82.0,70.0,73.0,Medium Risk
STU0239,A,1,Male,80.0,78.0,69.0,76.0,69.0,73.65,Medium Risk
STU0240,C,3,Female,68.0,78.0,75.0,77.0,74.0,75.15,Medium Risk
STU0241,C,1,Female,91.0,98.0,85.0,81.0,91.0,88.7,Low Risk
STU0242,D,2,Female,96.0,96.0,89.0,96.0,94.0,94.1,Low Risk
STU0243,B,4,Male,87.0,,96.0,84.0,95.0,92.65,Low Risk
STU0244,D,2,Female,,94.0,88.0,92.0,94.0,92.0,Low Risk
STU0245,C,1,Male,100.0,86.0,93.0,94.0,100.0,94.3,Low Risk
STU0246,B,3,Female,97.0,97.0,99.0,86.0,82.0,90.9,Low Risk
STU0247,C,1,Male,81.0,70.0,79.0,80.0,69.0,75.15,Medium Risk
STU0248,A,2,Male,,74.0,82.0,84.0,71.0,77.85,Medium Risk
STU0249,B,2,Male,80.0,95.0,92.0,89.0,91.0,90.4,Low Risk
STU0250,B,4,Male,69.0,80.0,80.0,70.0,74.0,74.9,Medium Risk
STU0251,A,2,Female,100.0,91.0,95.0,91.0,94.0,93.45,Low Risk
STU0252,A,2,Female,74.0,72.0,68.0,84.0,70.0,73.9,Medium Risk
STU0253,C,1,Male,71.0,72.0,83.0,68.0,81.0,75.35,Medium Risk
STU0254,D,2,Male,71.0,79.0,72.0,72.0,78.0,74.8,Medium Risk
STU0255,D,4,Male,93.0,90.0,92.0,81.0,86.0,87.45,Low Risk
STU0256,A,2,Male,80.0,81.0,77.0,78.0,69.0,76.35,Medium Risk
STU0257,C,1,Male,57.0,60.0,59.0,59.0,69.0,61.5,High Risk
STU0258,B,1,Female,96.0,89.0,82.0,97.0,97.0,92.3,Low Risk
STU0259,D,2,Male,82.0,85.0,92.0,94.0,88.0,89.1,Low Risk
STU0260,D,2,Male,63.0,57.0,,57.0,56.0,58.55,High Risk
STU0261,D,3,Male,72.0,78.0,69.0,82.0,73.0,75.35,Medium Risk
STU0262,D,1,Male,56.0,60.0,59.0,70.0,67.0,63.65,High Risk
STU0263,B,4,Male,87.0,92.0,98.0,82.0,87.0,88.95,Low Risk
STU0264,D,1,Male,80.0,85.0,98.0,95.0,87.0,90.1,Low Risk
STU0265,B,4,Male,88.0,92.0,90.0,92.0,100.0,93.2,Low Risk
STU0266,B,4,Male,74.0,72.0,78.0,80.0,77.0,76.65,Medium Risk
STU0267,A,4,Male,74.0,71.0,69.0,81.0,80.0,75.65,Medium Risk
STU0268,D,3,Female,67.0,68.0,71.0,63.0,71.0,68.0,High Risk
STU0269,B,1,Female,80.0,70.0,83.0,73.0,74.0,75.35,Medium Risk
STU0270,B,4,Male,94.0,84.0,83.0,99.0,83.0,88.3,Low Risk
STU0271,D,3,Male,66.0,71.0,64.0,55.0,68.0,64.35,High Risk
STU0272,B,3,Male,70.0,79.0,74.0,78.0,68.0,74.1,Medium Risk
STU0273,A,3,Male,90.0,81.0,93.0,81.0,83.0,84.8,Low Risk
STU0274,B,4,Female,94.0,90.0,99.0,81.0,94.0,90.95,Low Risk
STU0275,A,3,Female,57.0,71.0,66.0,69.0,70.0,67.85,High Risk
STU0276,B,1,Male,72.0,70.0,68.0,73.0,82.0,73.55,Medium Risk
STU0277,C,4,Female,63.0,66.0,69.0,66.0,70.0,67.3,High Risk
STU0278,C,1,Female,55.0,62.0,69.0,68.0,61.0,63.95,High Risk
STU0279,A,2,Female,70.0,81.0,82.0,81.0,74.0,78.35,Medium Risk
STU0280,C,4,Male,76.0,73.0,83.0,69.0,75.0,74.8,Medium Risk
STU0281,A,1,Male,59.0,68.0,69.0,60.0,,64.55,High Risk
STU0282,A,4,Male,88.0,87.0,90.0,98.0,88.0,90.7,Low Risk
STU0283,D,2,Female,82.0,83.0,68.0,,75.0,76.4,Medium Risk
STU0284,A,4,Female,55.0,55.0,63.0,67.0,55.0,59.6,High Risk
STU0285,B,2,Male,69.0,73.0,74.0,81.0,82.0,77.05,Medium Risk
STU0286,B,1,Male,75.0,78.0,70.0,73.0,76.0,74.35,Medium Risk
STU0287,C,3,Male,76.0,79.0,75.0,75.0,82.0,77.65,Medium Risk
STU0288,D,2,Female,83.0,71.0,73.0,70.0,76.0,73.6,Medium Risk
STU0289,C,2,Male,60.0,66.0,66.0,67.0,67.0,65.9,High Risk
STU0290,D,2,Female,83.0,92.0,87.0,100.0,98.0,93.6,Low Risk
STU0291,A,1,Female,72.0,76.0,70.0,77.0,70.0,73.15,Medium Risk
STU0292,D,4,Female,55.0,61.0,66.0,71.0,59.0,63.4,High Risk
STU0293,B,1,Female,97.0,96.0,98.0,88.0,83.0,91.25,Low Risk
STU0294,C,2,Male,69.0,82.0,69.0,71.0,73.0,73.1,Medium Risk
STU0295,A,3,Female,79.0,70.0,80.0,75.0,82.0,77.15,Medium Risk
STU0296,B,3,Male,83.0,77.0,79.0,81.0,81.0,80.0,Low Risk
STU0297,A,4,Female,92.0,88.0,94.0,93.0,86.0,90.35,Low Risk
STU0298,C,1,Female,55.0,56.0,57.0,59.0,59.0,57.6,High Risk
STU0299,C,2,Female,71.0,80.0,82.0,78.0,77.0,78.25,Medium Risk
STU0300,D,4,Male,77.0,79.0,76.0,68.0,72.0,73.7,Medium Risk
STU0301,D,1,Male,99.0,90.0,84.0,94.0,84.0,89.2,Low Risk
STU0302,C,1,Female,91.0,94.0,94.0,85.0,91.0,90.7,Low Risk
STU0303,B,1,Male,69.0,76.0,72.0,68.0,70.0,71.0,Medium Risk
STU0304,D,1,Female,55.0,71.0,68.0,66.0,64.0,65.8,High Risk
STU0305,C,2,Male,90.0,81.0,97.0,86.0,94.0,89.6,Low Risk
STU0306,C,4,Male,80.0,83.0,77.0,75.0,68.0,75.75,Medium Risk
STU0307,C,3,Female,72.0,82.0,82.0,69.0,68.0,74.25,Medium Risk
STU0308,D,3,Female,84.0,75.0,82.0,75.0,84.0,79.55,Medium Risk
STU0309,B,1,Female,83.0,80.0,80.0,98.0,95.0,88.55,Low Risk
STU0310,A,4,Male,69.0,73.0,76.0,68.0,76.0,72.7,Medium Risk
STU0311,A,2,Female,92.0,88.0,90.0,83.0,81.0,85.8,Low Risk
STU0312,A,3,Male,,85.0,81.0,97.0,92.0,90.25,Low Risk
STU0313,D,2,Male,80.0,86.0,100.0,94.0,80.0,88.7,Low Risk
STU0314,B,2,Male,68.0,84.0,84.0,70.0,79.0,77.65,Medium Risk
STU0315,A,3,Male,81.0,81.0,77.0,69.0,81.0,77.2,Medium Risk
STU0316,A,2,Female,95.0,81.0,85.0,100.0,91.0,90.45,Low Risk
STU0317,C,2,Female,79.0,71.0,82.0,78.0,83.0,78.75,Medium Risk
STU0318,A,4,Male,78.0,80.0,78.0,83.0,82.0,80.65,Low Risk
STU0319,B,1,Female,78.0,82.0,71.0,80.0,,75.65,Medium Risk
STU0320,B,4,Female,81.0,,70.0,75.0,83.0,78.0,Medium Risk
STU0321,C,4,Female,84.0,80.0,71.0,78.0,74.0,76.6,Medium Risk
STU0322,D,4,Female,86.0,96.0,89.0,89.0,83.0,88.6,Low Risk
STU0323,C,1,Male,80.0,91.0,92.0,89.0,94.0,90.35,Low Risk
STU0324,D,4,Female,76.0,76.0,82.0,77.0,77.0,77.7,Medium Risk
STU0325,A,2,Male,72.0,71.0,71.0,74.0,77.0,73.35,Medium Risk
STU0326,D,2,Male,68.0,72.0,82.0,84.0,70.0,76.1,Medium Risk
STU0327,D,3,Female,84.0,83.0,72.0,82.0,70.0,77.4,Medium Risk
STU0328,C,1,Female,76.0,81.0,80.0,69.0,70.0,74.55,Medium Risk
STU0329,D,4,Female,74.0,76.0,84.0,78.0,74.0,77.4,Medium Risk
STU0330,B,4,Female,64.0,60.0,64.0,61.0,67.0,63.2,High Risk
STU0331,C,2,Male,71.0,70.0,76.0,75.0,68.0,72.05,Medium Risk
STU0332,C,4,Male,80.0,84.0,69.0,72.0,79.0,76.35,Medium Risk
STU0333,B,3,Female,75.0,70.0,79.0,70.0,73.0,73.05,Medium Risk
STU0334,B,4,Male,84.0,70.0,69.0,75.0,,74.7,Medium Risk
STU0335,D,1,Female,69.0,69.0,70.0,64.0,70.0,68.2,High Risk
STU0336,D,4,Female,70.0,83.0,80.0,75.0,72.0,76.35,Medium Risk
STU0337,D,2,Female,73.0,75.0,74.0,68.0,83.0,74.85,Medium Risk
STU0338,A,1,Female,81.0,71.0,68.0,80.0,69.0,73.15,Medium Risk
STU0339,B,3,Female,88.0,80.0,90.0,82.0,99.0,88.05,Low Risk
STU0340,D,2,Female,73.0,70.0,78.0,,72.0,75.4,Medium Risk
STU0341,B,4,Female,89.0,85.0,97.0,92.0,82.0,88.8,Low Risk
STU0342,B,1,Male,85.0,82.0,95.0,86.0,99.0,90.15,Low Risk
STU0343,A,2,Male,69.0,69.0,70.0,81.0,77.0,74.2,Medium Risk
STU0344,D,2,Female,68.0,71.0,81.0,68.0,81.0,74.45,Medium Risk
STU0345,A,2,Female,,57.0,63.0,60.0,67.0,61.45,High Risk
STU0346,D,4,Female,71.0,82.0,71.0,80.0,79.0,77.45,Medium Risk
STU0347,C,2,Female,81.0,73.0,78.0,69.0,72.0,73.55,Medium Risk
STU0348,A,1,Female,78.0,82.0,76.0,76.0,70.0,75.9,Medium Risk
STU0349,D,3,Female,74.0,83.0,83.0,,71.0,75.35,Medium Risk
STU0350,C,2,Male,86.0,99.0,99.0,83.0,85.0,90.2,Low Risk
STU0351,A,2,Male,,86.0,93.0,86.0,84.0,86.5,Low Risk
STU0352,A,1,Male,56.0,60.0,69.0,64.0,61.0,62.65,High Risk
STU0353,A,3,Male,56.0,67.0,59.0,67.0,58.0,62.05,High Risk
STU0354,A,1,Female,71.0,,83.0,75.0,70.0,73.75,Medium Risk
STU0355,A,4,Male,89.0,100.0,89.0,92.0,96.0,93.7,Low Risk
STU0356,B,2,Female,76.0,68.0,69.0,83.0,68.0,72.75,Medium Risk
STU0357,A,3,Male,75.0,78.0,69.0,75.0,75.0,74.4,Medium Risk
STU0358,C,1,Female,62.0,67.0,59.0,66.0,55.0,61.65,High Risk
STU0359,D,1,Male,63.0,65.0,55.0,67.0,57.0,61.3,High Risk
STU0360,C,3,Male,75.0,81.0,71.0,78.0,82.0,77.9,Medium Risk
STU0361,B,3,Female,65.0,59.0,59.0,62.0,64.0,61.6,High Risk
STU0362,C,2,Male,84.0,75.0,75.0,76.0,69.0,74.65,Medium Risk
STU0363,A,2,Male,68.0,58.0,68.0,63.0,63.0,63.5,High Risk
STU0364,B,2,Male,,64.0,58.0,66.0,62.0,62.0,High Risk
STU0365,A,4,Female,83.0,69.0,78.0,77.0,82.0,77.45,Medium Risk
STU0366,D,1,Male,75.0,81.0,79.0,81.0,84.0,80.75,Low Risk
STU0367,B,1,Male,,84.0,79.0,76.0,82.0,79.5,Medium Risk
STU0368,C,4,Female,75.0,,75.0,81.0,74.0,77.45,Medium Risk
STU0369,D,3,Female,60.0,65.0,67.0,56.0,69.0,63.65,High Risk
STU0370,D,3,Male,79.0,80.0,78.0,72.0,68.0,74.5,Medium Risk
STU0371,C,4,Female,61.0,61.0,66.0,69.0,59.0,63.5,High Risk
STU0372,A,4,Female,75.0,68.0,79.0,72.0,70.0,72.4,Medium Risk
STU0373,C,3,Male,64.0,56.0,65.0,64.0,68.0,63.6,High Risk
STU0374,B,2,Female,83.0,80.0,76.0,71.0,77.0,76.5,Medium Risk
STU0375,C,4,Male,93.0,93.0,,100.0,99.0,93.85,Low Risk
STU0376,A,4,Female,85.0,98.0,84.0,83.0,94.0,89.15,Low Risk
STU0377,C,1,Female,82.0,84.0,85.0,100.0,87.0,88.75,Low Risk
STU0378,A,2,Male,71.0,80.0,84.0,74.0,71.0,76.15,Medium Risk
STU0379,C,2,Female,64.0,58.0,56.0,71.0,68.0,63.95,High Risk
STU0380,B,3,Male,73.0,71.0,83.0,80.0,71.0,75.85,Medium Risk
STU0381,A,2,Female,84.0,82.0,78.0,80.0,68.0,77.4,Medium Risk
STU0382,D,3,Male,82.0,82.0,73.0,82.0,81.0,79.95,Medium Risk
STU0383,C,1,Female,83.0,72.0,77.0,70.0,80.0,75.6,Medium Risk
STU0384,A,3,Female,92.0,85.0,96.0,92.0,98.0,92.9,Low Risk
STU0385,A,2,Female,98.0,84.0,84.0,99.0,96.0,92.15,Low Risk
STU0386,A,4,Male,73.0,71.0,74.0,74.0,70.0,72.3,Medium Risk
STU0387,B,2,Female,63.0,68.0,66.0,58.0,66.0,64.1,High Risk
STU0388,B,3,Female,70.0,81.0,77.0,83.0,83.0,80.1,Low Risk
STU0389,D,3,Female,85.0,91.0,88.0,92.0,83.0,88.05,Low Risk
STU0390,C,3,Female,78.0,71.0,68.0,74.0,73.0,72.35,Medium Risk
STU0391,A,2,Female,,99.0,94.0,95.0,86.0,92.85,Low Risk
STU0392,D,1,Male,81.0,72.0,72.0,70.0,72.0,72.4,Medium Risk
STU0393,A,3,Female,79.0,76.0,68.0,71.0,77.0,73.7,Medium Risk
STU0394,B,1,Male,84.0,69.0,78.0,76.0,74.0,75.3,Medium Risk
STU0395,A,1,Female,81.0,73.0,69.0,68.0,77.0,72.75,Medium Risk
STU0396,C,1,Male,69.0,77.0,69.0,83.0,83.0,77.6,Medium Risk
STU0397,D,3,Male,82.0,75.0,73.0,77.0,70.0,74.55,Medium Risk
STU0398,A,3,Female,74.0,71.0,81.0,82.0,75.0,77.05,Medium Risk
STU0399,A,4,Female,68.0,63.0,62.0,71.0,56.0,63.55,High Risk
STU0400,C,4,Male,79.0,68.0,77.0,70.0,73.0,72.65,Medium Risk
STU0401,C,4,Female,97.0,90.0,98.0,84.0,98.0,92.8,Low Risk
STU0402,C,3,Female,76.0,71.0,72.0,75.0,76.0,73.95,Medium Risk
STU0403,B,3,Female,97.0,89.0,99.0,85.0,91.0,91.3,Low Risk
STU0404,A,4,Male,82.0,97.0,90.0,87.0,85.0,88.6,Low Risk
STU0405,D,2,Female,62.0,59.0,70.0,65.0,59.0,63.0,High Risk
STU0406,C,4,Male,98.0,88.0,91.0,90.0,93.0,91.35,Low Risk
STU0407,A,3,Male,80.0,,71.0,73.0,72.0,72.25,Medium Risk
STU0408,D,2,Female,58.0,56.0,59.0,57.0,63.0,58.8,High Risk
STU0409,D,4,Male,66.0,66.0,65.0,56.0,69.0,64.05,High Risk
STU0410,A,3,Female,69.0,70.0,79.0,83.0,68.0,74.45,Medium Risk
STU0411,D,2,Male,98.0,94.0,97.0,90.0,95.0,94.25,Low Risk
STU0412,A,4,Female,90.0,94.0,82.0,80.0,99.0,88.95,Low Risk
STU0413,D,4,Male,75.0,82.0,74.0,73.0,76.0,75.95,Medium Risk
STU0414,C,1,Male,82.0,83.0,94.0,85.0,94.0,88.35,Low Risk
STU0415,D,1,Male,100.0,93.0,99.0,93.0,83.0,92.4,Low Risk
STU0416,B,3,Male,92.0,,97.0,98.0,80.0,91.9,Low Risk
STU0417,A,4,Female,,81.0,73.0,81.0,71.0,75.7,Medium Risk
STU0418,C,2,Female,81.0,84.0,,81.0,73.0,78.4,Medium Risk
STU0419,C,2,Male,81.0,70.0,77.0,76.0,80.0,76.5,Medium Risk
STU0420,A,2,Male,82.0,81.0,73.0,71.0,75.0,75.5,Medium Risk
STU0421,C,2,Female,62.0,68.0,65.0,57.0,63.0,62.8,High Risk
STU0422,B,1,Female,71.0,75.0,69.0,76.0,81.0,75.15,Medium Risk
STU0423,C,3,Female,61.0,70.0,71.0,70.0,66.0,68.3,High Risk
STU0424,A,3,Female,100.0,100.0,84.0,95.0,99.0,95.3,Low Risk
STU0425,A,2,Female,67.0,63.0,63.0,58.0,57.0,60.65,High Risk
STU0426,B,4,Female,87.0,92.0,94.0,,91.0,90.4,Low Risk
STU0427,C,2,Female,88.0,98.0,99.0,87.0,100.0,94.95,Low Risk
STU0428,A,3,Female,98.0,83.0,86.0,83.0,91.0,87.1,Low Risk
STU0429,B,2,Male,69.0,76.0,68.0,75.0,73.0,72.7,Medium Risk
STU0430,A,1,Male,67.0,66.0,60.0,62.0,64.0,63.4,High Risk
STU0431,A,4,Female,70.0,75.0,81.0,70.0,83.0,76.45,Medium Risk
STU0432,C,4,Female,73.0,84.0,81.0,84.0,75.0,80.05,Low Risk
STU0433,A,4,Male,74.0,84.0,77.0,78.0,76.0,78.1,Medium Risk
STU0434,D,3,Female,84.0,74.0,76.0,74.0,80.0,76.9,Medium Risk
STU0435,D,3,Female,92.0,93.0,92.0,80.0,87.0,87.95,Low Risk
STU0436,A,2,Male,100.0,92.0,91.0,95.0,80.0,90.35,Low Risk
STU0437,C,1,Male,84.0,87.0,,92.0,94.0,90.9,Low Risk
STU0438,B,1,Male,97.0,81.0,83.0,80.0,83.0,83.25,Low Risk
STU0439,A,3,Female,75.0,84.0,68.0,79.0,82.0,78.15,Medium Risk
STU0440,B,2,Female,,77.0,69.0,78.0,80.0,76.3,Medium Risk
STU0441,A,2,Male,63.0,61.0,57.0,60.0,56.0,58.9,High Risk
STU0442,C,3,Male,75.0,69.0,84.0,76.0,79.0,76.85,Medium Risk
STU0443,B,4,Male,69.0,59.0,71.0,60.0,65.0,64.15,High Risk
STU0444,C,4,Female,63.0,60.0,66.0,56.0,57.0,59.75,High Risk
STU0445,D,3,Female,87.0,90.0,95.0,83.0,80.0,86.45,Low Risk
STU0446,A,3,Female,59.0,61.0,58.0,59.0,55.0,58.2,High Risk
STU0447,A,1,Female,77.0,70.0,78.0,82.0,78.0,77.3,Medium Risk
STU0448,B,1,Male,87.0,81.0,95.0,99.0,91.0,91.4,Low Risk
STU0449,D,2,Male,80.0,72.0,70.0,78.0,80.0,75.9,Medium Risk
STU0450,A,2,Male,78.0,77.0,73.0,82.0,77.0,77.55,Medium Risk
STU0451,A,1,Male,72.0,70.0,73.0,71.0,76.0,72.55,Medium Risk
STU0452,A,1,Male,84.0,80.0,83.0,71.0,72.0,76.75,Medium Risk
STU0453,C,2,Male,80.0,70.0,77.0,69.0,80.0,74.65,Medium Risk
STU0454,C,1,Female,79.0,,78.0,74.0,71.0,75.55,Medium Risk
STU0455,D,3,Male,70.0,,82.0,69.0,78.0,76.15,Medium Risk
STU0456,A,4,Female,97.0,87.0,98.0,84.0,86.0,89.2,Low Risk
STU0457,C,2,Male,84.0,83.0,98.0,100.0,,89.85,Low Risk
STU0458,B,2,Female,78.0,74.0,72.0,84.0,76.0,77.0,Medium Risk
STU0459,D,4,Female,98.0,98.0,95.0,91.0,91.0,93.9,Low Risk
STU0460,C,3,Female,71.0,73.0,78.0,68.0,82.0,74.8,Medium Risk
STU0461,C,1,Male,84.0,81.0,82.0,82.0,71.0,79.25,Medium Risk
STU0462,A,1,Female,76.0,75.0,80.0,84.0,84.0,80.6,Low Risk
STU0463,B,1,Male,,70.0,72.0,80.0,82.0,76.2,Medium Risk
STU0464,D,2,Male,97.0,90.0,82.0,89.0,89.0,88.6,Low Risk
STU0465,C,2,Female,69.0,76.0,70.0,82.0,70.0,74.1,Medium Risk
STU0466,D,1,Male,87.0,86.0,86.0,,80.0,83.6,Low Risk
STU0467,D,4,Male,84.0,92.0,87.0,87.0,84.0,86.95,Low Risk
STU0468,B,2,Female,83.0,82.0,81.0,87.0,88.0,84.65,Low Risk
STU0469,B,4,Male,73.0,78.0,70.0,75.0,70.0,73.15,Medium Risk
STU0470,B,4,Male,81.0,92.0,98.0,85.0,95.0,91.1,Low Risk
STU0471,B,1,Female,77.0,83.0,73.0,69.0,69.0,73.4,Medium Risk
STU0472,D,2,Male,69.0,74.0,70.0,75.0,81.0,74.7,Medium Risk
STU0473,A,2,Male,86.0,100.0,86.0,,,89.8,Low Risk
STU0474,D,2,Female,57.0,71.0,64.0,64.0,58.0,63.2,High Risk
STU0475,C,3,Female,81.0,81.0,82.0,71.0,80.0,78.45,Medium Risk
STU0476,D,1,Male,81.0,69.0,69.0,78.0,76.0,74.2,Medium Risk
STU0477,B,1,Female,55.0,60.0,71.0,62.0,63.0,62.95,High Risk
STU0478,C,2,Female,90.0,80.0,90.0,98.0,88.0,89.5,Low Risk
STU0479,D,4,Male,82.0,80.0,84.0,73.0,83.0,80.0,Low Risk
STU0480,A,1,Male,64.0,55.0,64.0,69.0,65.0,63.7,High Risk
STU0481,A,4,Male,78.0,84.0,71.0,82.0,76.0,78.3,Medium Risk
STU0482,C,4,Female,72.0,77.0,84.0,72.0,83.0,78.15,Medium Risk
STU0483,A,4,Male,82.0,83.0,81.0,70.0,79.0,78.25,Medium Risk
STU0484,D,1,Male,97.0,84.0,92.0,83.0,81.0,85.9,Low Risk
STU0485,B,1,Female,80.0,83.0,92.0,92.0,92.0,89.0,Low Risk
STU0486,D,1,Female,83.0,97.0,82.0,85.0,91.0,88.1,Low Risk
STU0487,A,1,Female,68.0,71.0,78.0,70.0,80.0,74.1,Medium Risk
STU0488,B,1,Male,100.0,91.0,94.0,100.0,,94.25,Low Risk
STU0489,C,1,Male,81.0,96.0,83.0,93.0,89.0,89.4,Low Risk
STU0490,A,4,Male,84.0,79.0,78.0,71.0,73.0,75.8,Medium Risk
STU0491,B,3,Male,94.0,96.0,87.0,91.0,100.0,93.75,Low Risk
STU0492,A,1,Male,81.0,84.0,85.0,86.0,100.0,88.4,Low Risk
STU0493,A,3,Female,79.0,83.0,83.0,78.0,71.0,78.35,Medium Risk
STU0494,A,2,Male,88.0,90.0,87.0,80.0,87.0,85.95,Low Risk
STU0495,C,4,Male,70.0,76.0,69.0,69.0,80.0,73.25,Medium Risk
STU0496,C,4,Female,71.0,75.0,76.0,72.0,78.0,74.8,Medium Risk
STU0497,C,1,Male,96.0,91.0,86.0,,89.0,89.5,Low Risk
STU0498,C,4,Male,,62.0,62.0,58.0,69.0,62.45,High Risk
STU0499,B,2,Female,84.0,82.0,73.0,82.0,,78.9,Medium Risk
STU0500,C,2,Male,59.0,63.0,65.0,55.0,60.0,60.25,High Risk
STU0501,B,2,Male,81.0,72.0,73.0,73.0,81.0,75.6,Medium Risk
STU0502,C,4,Male,70.0,73.0,75.0,79.0,80.0,76.35,Medium Risk
STU0503,A,4,Female,65.0,67.0,65.0,66.0,60.0,64.4,High Risk
STU0504,C,3,Male,95.0,91.0,90.0,84.0,97.0,90.95,Low Risk
STU0505,C,3,Male,73.0,71.0,79.0,69.0,84.0,75.55,Medium Risk
STU0506,B,4,Female,81.0,87.0,92.0,89.0,87.0,87.9,Low Risk
STU0507,A,1,Female,68.0,78.0,74.0,84.0,79.0,77.95,Medium Risk
STU0508,B,3,Female,89.0,90.0,100.0,89.0,87.0,90.9,Low Risk
STU0509,B,4,Male,84.0,82.0,91.0,92.0,92.0,89.0,Low Risk
STU0510,C,4,Female,61.0,56.0,55.0,61.0,71.0,61.3,High Risk
STU0511,A,2,Male,82.0,82.0,96.0,86.0,93.0,88.55,Low Risk
STU0512,C,3,Male,71.0,68.0,,80.0,77.0,73.55,Medium Risk
STU0513,A,1,Female,64.0,55.0,71.0,56.0,67.0,62.35,High Risk
STU0514,C,3,Male,78.0,70.0,79.0,80.0,74.0,76.1,Medium Risk
STU0515,D,3,Female,84.0,100.0,93.0,,89.0,90.0,Low Risk
STU0516,B,4,Female,75.0,76.0,83.0,83.0,74.0,78.55,Medium Risk
STU0517,C,3,Female,58.0,69.0,57.0,59.0,55.0,59.5,High Risk
STU0518,B,1,Male,83.0,81.0,,83.0,82.0,83.55,Low Risk
STU0519,A,2,Female,80.0,72.0,76.0,,72.0,73.85,Medium Risk
STU0520,B,3,Male,73.0,70.0,82.0,71.0,79.0,75.2,Medium Risk
STU0521,C,3,Female,76.0,72.0,80.0,72.0,83.0,76.75,Medium Risk
STU0522,D,2,Male,65.0,69.0,58.0,61.0,70.0,64.65,High Risk
STU0523,D,3,Female,75.0,84.0,83.0,77.0,77.0,79.4,Medium Risk
STU0524,D,4,Female,88.0,96.0,90.0,89.0,96.0,92.25,Low Risk
STU0525,A,1,Male,72.0,73.0,84.0,68.0,71.0,73.35,Medium Risk
STU0526,C,3,Female,87.0,94.0,86.0,85.0,80.0,85.95,Low Risk
STU0527,B,2,Female,84.0,69.0,76.0,76.0,80.0,76.4,Medium Risk
STU0528,C,1,Male,82.0,96.0,96.0,91.0,95.0,93.1,Low Risk
STU0529,B,1,Male,84.0,70.0,82.0,71.0,71.0,74.3,Medium Risk
STU0530,B,1,Male,82.0,87.0,93.0,80.0,93.0,87.45,Low Risk
STU0531,A,3,Female,73.0,68.0,84.0,75.0,68.0,73.45,Medium Risk
STU0532,D,3,Male,92.0,95.0,,98.0,91.0,91.85,Low Risk
STU0533,A,1,Female,99.0,83.0,91.0,81.0,98.0,89.45,Low Risk
STU0534,A,4,Female,70.0,83.0,,75.0,68.0,75.95,Medium Risk
STU0535,A,1,Female,72.0,79.0,84.0,73.0,68.0,75.05,Medium Risk
STU0536,B,3,Male,68.0,83.0,76.0,72.0,69.0,73.85,Medium Risk
STU0537,C,3,Female,92.0,99.0,86.0,94.0,93.0,92.95,Low Risk
STU0538,B,2,Male,99.0,97.0,89.0,88.0,87.0,90.85,Low Risk
STU0539,B,2,Female,81.0,85.0,,88.0,84.0,84.9,Low Risk
STU0540,B,1,Male,84.0,79.0,74.0,70.0,77.0,75.75,Medium Risk
STU0541,B,4,Male,77.0,73.0,78.0,74.0,82.0,76.9,Medium Risk
STU0542,B,3,Female,79.0,70.0,,69.0,69.0,72.8,Medium Risk
STU0543,A,3,Female,77.0,76.0,68.0,83.0,73.0,75.5,Medium Risk
STU0544,C,2,Male,69.0,71.0,68.0,77.0,82.0,74.45,Medium Risk
STU0545,A,4,Male,,81.0,92.0,80.0,96.0,86.9,Low Risk
STU0546,A,2,Female,71.0,68.0,77.0,71.0,76.0,72.85,Medium Risk
STU0547,B,3,Female,85.0,95.0,85.0,96.0,89.0,90.75,Low Risk
STU0548,C,1,Male,82.0,82.0,71.0,76.0,84.0,78.8,Medium Risk
STU0549,D,4,Male,80.0,75.0,74.0,84.0,82.0,79.3,Medium Risk
STU0550,B,4,Male,55.0,68.0,59.0,65.0,70.0,64.65,High Risk
STU0551,C,2,Female,70.0,68.0,78.0,83.0,83.0,77.7,Medium Risk
STU0552,B,2,Male,98.0,83.0,92.0,93.0,82.0,88.55,Low Risk
STU0553,A,1,Female,81.0,75.0,81.0,77.0,84.0,79.55,Medium Risk
STU0554,B,4,Male,86.0,96.0,80.0,84.0,88.0,86.8,Low Risk
STU0555,A,3,Female,78.0,73.0,75.0,71.0,78.0,74.65,Medium Risk
STU0556,B,4,Female,78.0,80.0,71.0,74.0,78.0,76.0,Medium Risk
STU0557,B,2,Male,68.0,,81.0,73.0,68.0,72.25,Medium Risk
STU0558,A,3,Female,59.0,71.0,64.0,61.0,57.0,62.4,High Risk
STU0559,D,3,Female,71.0,,68.0,71.0,79.0,72.6,Medium Risk
STU0560,B,1,Female,80.0,81.0,72.0,71.0,81.0,76.6,Medium Risk
STU0561,C,1,Male,83.0,68.0,84.0,76.0,73.0,75.95,Medium Risk
STU0562,C,4,Male,76.0,72.0,,84.0,79.0,78.15,Medium Risk
STU0563,D,3,Female,76.0,82.0,72.0,80.0,81.0,78.65,Medium Risk
STU0564,D,2,Female,55.0,62.0,56.0,59.0,60.0,58.85,High Risk
STU0565,B,2,Male,55.0,71.0,65.0,64.0,68.0,65.7,High Risk
STU0566,B,3,Male,58.0,56.0,63.0,64.0,65.0,61.85,High Risk
STU0567,A,2,Male,82.0,75.0,78.0,76.0,82.0,78.3,Medium Risk
STU0568,A,2,Female,77.0,75.0,82.0,77.0,68.0,75.35,Medium Risk
STU0569,D,1,Male,68.0,69.0,83.0,82.0,80.0,77.7,Medium Risk
STU0570,A,2,Male,67.0,61.0,71.0,,67.0,65.1,High Risk
STU0571,C,1,Male,84.0,74.0,68.0,84.0,84.0,78.8,Medium Risk
STU0572,A,1,Female,82.0,78.0,83.0,76.0,68.0,76.4,Medium Risk
STU0573,B,1,Male,98.0,91.0,98.0,88.0,86.0,91.1,Low Risk
STU0574,A,2,Female,88.0,92.0,94.0,82.0,,89.0,Low Risk
STU0575,C,1,Female,83.0,,,73.0,79.0,75.1,Medium Risk
STU0576,A,1,Female,99.0,96.0,92.0,97.0,81.0,92.0,Low Risk
STU0577,C,3,Female,77.0,70.0,70.0,81.0,75.0,74.7,Medium Risk
STU0578,A,4,Male,78.0,78.0,78.0,69.0,84.0,77.25,Medium Risk
STU0579,B,2,Male,94.0,95.0,83.0,87.0,88.0,88.75,Low Risk
STU0580,A,3,Male,74.0,84.0,70.0,,79.0,75.95,Medium Risk
STU0581,B,1,Male,73.0,84.0,83.0,70.0,71.0,75.95,Medium Risk
STU0582,B,4,Female,77.0,79.0,77.0,80.0,78.0,78.4,Medium Risk
STU0583,D,3,Male,75.0,80.0,69.0,79.0,77.0,76.3,Medium Risk
STU0584,C,2,Male,69.0,79.0,84.0,73.0,82.0,78.25,Medium Risk
STU0585,C,2,Female,68.0,80.0,81.0,80.0,71.0,76.75,Medium Risk
STU0586,D,4,Male,82.0,82.0,71.0,73.0,72.0,75.05,Medium Risk
STU0587,A,4,Female,68.0,72.0,,70.0,82.0,73.8,Medium Risk
STU0588,D,1,Female,95.0,85.0,93.0,87.0,86.0,88.35,Low Risk
STU0589,C,4,Female,62.0,65.0,55.0,60.0,70.0,62.7,High Risk
STU0590,D,1,Male,77.0,70.0,80.0,70.0,82.0,75.7,Medium Risk
STU0591,B,2,Male,58.0,65.0,65.0,70.0,57.0,63.55,High Risk
STU0592,B,3,Male,97.0,96.0,83.0,94.0,90.0,91.5,Low Risk
STU0593,A,3,Male,77.0,71.0,78.0,69.0,77.0,74.0,Medium Risk
STU0594,C,1,Female,78.0,81.0,69.0,72.0,72.0,73.8,Medium Risk
STU0595,D,3,Male,84.0,77.0,73.0,81.0,78.0,78.15,Medium Risk
STU0596,B,2,Female,78.0,79.0,72.0,76.0,76.0,76.0,Medium Risk
STU0597,D,2,Female,61.0,58.0,55.0,69.0,62.0,61.45,High Risk
STU0598,C,3,Male,84.0,81.0,81.0,83.0,68.0,78.55,Medium Risk
STU0599,B,1,Male,,73.0,70.0,80.0,80.0,76.1,Medium Risk
STU0600,C,2,Female,71.0,78.0,75.0,79.0,75.0,76.2,Medium Risk
STU0601,C,4,Male,62.0,71.0,70.0,68.0,65.0,67.65,High Risk
STU0602,D,1,Female,95.0,100.0,88.0,,98.0,92.1,Low Risk
STU0603,A,1,Female,75.0,82.0,81.0,74.0,79.0,78.35,Medium Risk
STU0604,C,4,Female,98.0,93.0,90.0,81.0,97.0,90.9,Low Risk
STU0605,A,2,Male,73.0,77.0,82.0,72.0,70.0,74.6,Medium Risk
STU0606,D,4,Male,87.0,91.0,87.0,90.0,93.0,90.05,Low Risk
STU0607,D,4,Male,77.0,,84.0,71.0,80.0,77.05,Medium Risk
STU0608,D,2,Male,58.0,60.0,56.0,65.0,68.0,62.25,High Risk
STU0609,D,4,Female,77.0,75.0,81.0,70.0,79.0,76.15,Medium Risk
STU0610,A,2,Male,80.0,89.0,89.0,100.0,81.0,88.85,Low Risk
STU0611,C,3,Male,79.0,75.0,84.0,82.0,77.0,79.45,Medium Risk
STU0612,D,1,Male,67.0,71.0,63.0,62.0,67.0,65.75,High Risk
STU0613,C,3,Female,73.0,74.0,70.0,83.0,83.0,77.6,Medium Risk
STU0614,A,2,Male,75.0,80.0,80.0,84.0,84.0,81.5,Low Risk
STU0615,D,3,Female,93.0,83.0,86.0,87.0,92.0,87.85,Low Risk
STU0616,D,2,Female,62.0,57.0,57.0,67.0,56.0,59.75,High Risk
STU0617,B,3,Female,87.0,87.0,85.0,93.0,82.0,86.85,Low Risk
STU0618,A,1,Male,55.0,59.0,63.0,61.0,58.0,59.65,High Risk
STU0619,A,3,Male,84.0,80.0,84.0,71.0,68.0,75.95,Medium Risk
STU0620,D,3,Female,64.0,62.0,67.0,68.0,62.0,64.7,High Risk
STU0621,C,2,Female,92.0,86.0,84.0,96.0,95.0,90.95,Low Risk
STU0622,C,1,Female,84.0,74.0,80.0,81.0,80.0,79.45,Medium Risk
STU0623,D,3,Male,84.0,75.0,82.0,,77.0,78.05,Medium Risk
STU0624,D,3,Male,58.0,55.0,63.0,,55.0,60.4,High Risk
STU0625,B,1,Male,76.0,82.0,79.0,68.0,80.0,76.8,Medium Risk
STU0626,B,2,Male,65.0,66.0,55.0,65.0,62.0,62.45,High Risk
STU0627,D,3,Female,90.0,96.0,80.0,100.0,100.0,94.2,Low Risk
STU0628,A,3,Male,73.0,72.0,80.0,75.0,76.0,75.45,Medium Risk
STU0629,B,3,Female,84.0,69.0,75.0,,84.0,76.7,Medium Risk
STU0630,C,4,Female,69.0,73.0,72.0,71.0,84.0,74.65,Medium Risk
STU0631,B,4,Female,84.0,76.0,71.0,81.0,,75.55,Medium Risk
STU0632,C,4,Female,68.0,77.0,83.0,75.0,68.0,74.55,Medium Risk
STU0633,C,4,Female,97.0,83.0,85.0,91.0,88.0,88.05,Low Risk
STU0634,A,2,Female,81.0,80.0,69.0,70.0,77.0,74.65,Medium Risk
STU0635,B,3,Female,89.0,98.0,82.0,84.0,82.0,86.4,Low Risk
STU0636,B,3,Female,82.0,91.0,88.0,100.0,91.0,91.75,Low Risk
STU0637,C,4,Male,97.0,99.0,91.0,83.0,95.0,92.2,Low Risk
STU0638,A,3,Female,69.0,70.0,84.0,68.0,73.0,72.95,Medium Risk
STU0639,C,4,Female,82.0,81.0,72.0,73.0,84.0,78.05,Medium Risk
STU0640,C,4,Male,83.0,97.0,100.0,82.0,87.0,89.95,Low Risk
STU0641,B,1,Male,77.0,84.0,75.0,78.0,,77.0,Medium Risk
STU0642,B,1,Female,80.0,73.0,72.0,,83.0,76.75,Medium Risk
STU0643,B,1,Male,68.0,65.0,66.0,66.0,61.0,64.75,High Risk
STU0644,C,3,Female,88.0,86.0,100.0,94.0,81.0,89.75,Low Risk
STU0645,A,1,Male,55.0,62.0,59.0,69.0,55.0,60.7,High Risk
STU0646,A,4,Female,77.0,,84.0,73.0,70.0,76.65,Medium Risk
STU0647,A,4,Female,55.0,71.0,67.0,71.0,60.0,65.85,High Risk
STU0648,A,3,Female,82.0,93.0,93.0,94.0,87.0,90.65,Low Risk
STU0649,A,2,Female,92.0,96.0,100.0,82.0,85.0,90.15,Low Risk
STU0650,C,4,Female,69.0,82.0,72.0,73.0,73.0,74.2,Medium Risk
STU0651,D,4,Male,96.0,93.0,93.0,92.0,86.0,91.3,Low Risk
STU0652,C,3,Female,78.0,82.0,79.0,70.0,84.0,78.5,Medium Risk
STU0653,C,2,Male,83.0,79.0,75.0,84.0,74.0,78.6,Medium Risk
STU0654,D,3,Male,71.0,80.0,73.0,81.0,72.0,75.95,Medium Risk
STU0655,B,4,Female,75.0,83.0,83.0,71.0,80.0,78.45,Medium Risk
STU0656,C,1,Female,82.0,87.0,94.0,90.0,88.0,88.9,Low Risk
STU0657,C,2,Female,91.0,98.0,86.0,89.0,95.0,91.9,Low Risk
STU0658,C,1,Female,72.0,74.0,69.0,78.0,80.0,75.3,Medium Risk
STU0659,B,3,Female,81.0,79.0,71.0,73.0,77.0,75.6,Medium Risk
STU0660,D,3,Male,76.0,72.0,77.0,73.0,83.0,76.4,Medium Risk
STU0661,A,1,Male,78.0,78.0,84.0,71.0,71.0,75.7,Medium Risk
STU0662,A,3,Female,73.0,70.0,68.0,83.0,78.0,75.15,Medium Risk
STU0663,C,1,Male,66.0,66.0,68.0,55.0,71.0,64.9,High Risk
STU0664,A,4,Female,57.0,69.0,59.0,69.0,56.0,62.55,High Risk
STU0665,A,2,Male,77.0,81.0,77.0,81.0,,78.55,Medium Risk
STU0666,A,1,Female,69.0,77.0,70.0,78.0,78.0,75.3,Medium Risk
STU0667,B,3,Male,96.0,81.0,91.0,89.0,97.0,90.5,Low Risk
STU0668,C,3,Female,70.0,83.0,,79.0,,77.45,Medium Risk
STU0669,C,4,Male,80.0,71.0,74.0,69.0,82.0,74.75,Medium Risk
STU0670,B,3,Male,61.0,68.0,62.0,66.0,67.0,65.35,High Risk
STU0671,D,4,Female,84.0,71.0,75.0,72.0,83.0,76.35,Medium Risk
STU0672,C,1,Female,79.0,72.0,83.0,81.0,77.0,78.4,Medium Risk
STU0673,B,4,Male,72.0,70.0,82.0,71.0,82.0,75.85,Medium Risk
STU0674,B,1,Female,72.0,73.0,71.0,69.0,83.0,74.0,Medium Risk
STU0675,B,4,Female,67.0,56.0,67.0,65.0,58.0,62.05,High Risk
STU0676,C,1,Female,76.0,74.0,73.0,73.0,82.0,75.75,Medium Risk
STU0677,A,4,Female,71.0,72.0,78.0,72.0,71.0,72.85,Medium Risk
STU0678,B,3,Female,63.0,64.0,,58.0,64.0,61.8,High Risk
STU0679,B,2,Female,100.0,98.0,100.0,81.0,99.0,94.6,Low Risk
STU0680,A,3,Male,84.0,83.0,83.0,81.0,74.0,80.35,Low Risk
STU0681,C,1,Male,78.0,71.0,74.0,82.0,79.0,77.05,Medium Risk
STU0682,B,4,Female,68.0,82.0,77.0,74.0,69.0,74.35,Medium Risk
STU0683,A,3,Female,64.0,65.0,62.0,65.0,65.0,64.3,High Risk
STU0684,B,4,Female,65.0,71.0,,71.0,70.0,67.15,High Risk
STU0685,A,4,Male,73.0,77.0,77.0,75.0,68.0,73.85,Medium Risk
STU0686,C,1,Female,82.0,72.0,83.0,80.0,78.0,78.7,Medium Risk
STU0687,B,1,Female,69.0,79.0,75.0,76.0,79.0,76.45,Medium Risk
STU0688,C,4,Female,56.0,70.0,61.0,56.0,55.0,59.55,High Risk
STU0689,D,1,Female,65.0,56.0,68.0,56.0,69.0,62.55,High Risk
STU0690,B,4,Female,61.0,64.0,68.0,68.0,59.0,64.25,High Risk
STU0691,B,2,Male,91.0,85.0,83.0,92.0,83.0,86.45,Low Risk
STU0692,C,3,Female,71.0,68.0,80.0,71.0,73.0,72.7,Medium Risk
STU0693,C,2,Male,95.0,84.0,83.0,100.0,87.0,89.65,Low Risk
STU0694,C,2,Male,,66.0,70.0,71.0,67.0,67.7,High Risk
STU0695,D,2,Male,82.0,79.0,84.0,76.0,82.0,80.3,Low Risk
STU0696,A,1,Male,58.0,62.0,68.0,69.0,65.0,65.3,High Risk
STU0697,A,1,Female,81.0,75.0,80.0,70.0,72.0,74.6,Medium Risk
STU0698,D,4,Male,81.0,92.0,84.0,87.0,80.0,85.05,Low Risk
STU0699,D,2,Male,61.0,69.0,65.0,70.0,57.0,64.65,High Risk
STU0700,A,4,Female,,94.0,80.0,96.0,81.0,89.05,Low Risk
STU0701,C,4,Female,83.0,68.0,70.0,70.0,,71.4,Medium Risk
STU0702,C,1,Male,76.0,74.0,71.0,,80.0,74.85,Medium Risk
STU0703,D,4,Female,60.0,69.0,67.0,65.0,62.0,64.95,High Risk
STU0704,C,4,Male,78.0,80.0,76.0,,74.0,78.25,Medium Risk
STU0705,B,3,Male,81.0,78.0,77.0,78.0,73.0,76.85,Medium Risk
STU0706,C,4,Female,81.0,73.0,84.0,77.0,68.0,75.75,Medium Risk
STU0707,A,4,Female,82.0,74.0,78.0,74.0,71.0,74.85,Medium Risk
STU0708,B,1,Female,91.0,90.0,98.0,100.0,84.0,92.7,Low Risk
STU0709,C,2,Female,92.0,99.0,83.0,90.0,96.0,92.1,Low Risk
STU0710,D,2,Female,76.0,80.0,78.0,82.0,68.0,76.7,Medium Risk
STU0711,B,4,Male,66.0,71.0,57.0,70.0,68.0,66.7,High Risk
STU0712,A,4,Female,93.0,98.0,85.0,89.0,94.0,91.65,Low Risk
STU0713,A,2,Female,73.0,77.0,74.0,84.0,,79.5,Medium Risk
STU0714,A,4,Female,83.0,73.0,68.0,68.0,79.0,73.25,Medium Risk
STU0715,B,2,Male,58.0,65.0,58.0,55.0,61.0,59.4,High Risk
STU0716,C,3,Male,62.0,58.0,65.0,68.0,70.0,65.3,High Risk
STU0717,B,2,Female,71.0,72.0,84.0,74.0,83.0,77.55,Medium Risk
STU0718,B,4,Female,71.0,78.0,69.0,79.0,79.0,76.0,Medium Risk
STU0719,D,4,Female,74.0,68.0,80.0,73.0,73.0,73.5,Medium Risk
STU0720,A,4,Female,72.0,,77.0,68.0,77.0,73.25,Medium Risk
STU0721,B,1,Male,74.0,76.0,79.0,68.0,78.0,74.9,Medium Risk
STU0722,B,4,Female,74.0,79.0,70.0,74.0,78.0,75.2,Medium Risk
STU0723,A,2,Male,68.0,79.0,78.0,71.0,71.0,73.7,Medium Risk
STU0724,C,2,Male,56.0,66.0,60.0,64.0,70.0,64.3,High Risk
STU0725,B,1,Female,84.0,76.0,80.0,72.0,72.0,75.6,Medium Risk
STU0726,C,2,Female,86.0,94.0,86.0,94.0,82.0,88.6,Low Risk
STU0727,A,1,Male,70.0,73.0,79.0,82.0,73.0,76.15,Medium Risk
STU0728,A,3,Male,87.0,99.0,94.0,83.0,98.0,92.55,Low Risk
STU0729,D,2,Male,83.0,80.0,70.0,83.0,76.0,78.05,Medium Risk
STU0730,A,2,Female,61.0,69.0,61.0,60.0,56.0,61.1,High Risk
STU0731,B,4,Female,79.0,68.0,,78.0,83.0,77.15,Medium Risk
STU0732,A,4,Male,79.0,84.0,81.0,83.0,,81.9,Low Risk
STU0733,C,2,Female,,69.0,59.0,65.0,67.0,64.6,High Risk
STU0734,D,2,Male,66.0,69.0,63.0,62.0,55.0,62.25,High Risk
STU0735,C,2,Male,57.0,62.0,60.0,70.0,70.0,65.1,High Risk
STU0736,C,4,Male,82.0,69.0,77.0,80.0,82.0,77.9,Medium Risk
STU0737,B,2,Male,82.0,,70.0,74.0,81.0,76.55,Medium Risk
STU0738,C,4,Male,76.0,,78.0,79.0,68.0,73.55,Medium Risk
STU0739,C,3,Female,68.0,71.0,59.0,57.0,56.0,61.05,High Risk
STU0740,B,4,Female,80.0,83.0,83.0,70.0,80.0,78.7,Medium Risk
STU0741,B,3,Male,100.0,87.0,100.0,88.0,80.0,89.4,Low Risk
STU0742,A,1,Male,,78.0,80.0,78.0,82.0,79.4,Medium Risk
STU0743,C,2,Male,65.0,67.0,66.0,69.0,62.0,65.85,High Risk
STU0744,A,3,Male,99.0,85.0,88.0,100.0,92.0,92.5,Low Risk
STU0745,A,2,Male,95.0,92.0,92.0,96.0,99.0,95.05,Low Risk
STU0746,C,1,Male,66.0,63.0,56.0,63.0,60.0,61.15,High Risk
STU0747,C,3,Male,92.0,90.0,93.0,81.0,,87.8,Low Risk
STU0748,A,1,Male,84.0,80.0,70.0,68.0,71.0,73.15,Medium Risk
STU0749,C,3,Male,90.0,81.0,95.0,81.0,98.0,88.95,Low Risk
STU0750,A,2,Female,98.0,88.0,80.0,89.0,98.0,90.15,Low Risk
STU0751,D,1,Female,61.0,56.0,67.0,60.0,60.0,60.7,High Risk
STU0752,D,3,Female,69.0,64.0,64.0,63.0,69.0,65.5,High Risk
STU0753,C,1,Female,76.0,71.0,84.0,83.0,82.0,79.85,Medium Risk
STU0754,D,2,Male,72.0,82.0,82.0,69.0,80.0,77.25,Medium Risk
STU0755,D,1,Female,76.0,75.0,70.0,83.0,81.0,77.6,Medium Risk
STU0756,D,1,Female,70.0,72.0,77.0,80.0,71.0,74.55,Medium Risk
STU0757,D,3,Male,76.0,74.0,69.0,74.0,75.0,73.45,Medium Risk
STU0758,D,3,Male,93.0,98.0,84.0,97.0,99.0,94.7,Low Risk
STU0759,C,2,Male,63.0,67.0,61.0,64.0,60.0,62.9,High Risk
STU0760,C,1,Female,72.0,82.0,83.0,76.0,71.0,76.95,Medium Risk
STU0761,C,2,Male,93.0,96.0,98.0,85.0,83.0,90.1,Low Risk
STU0762,B,4,Female,95.0,94.0,87.0,98.0,87.0,91.95,Low Risk
STU0763,C,2,Female,89.0,96.0,,92.0,86.0,91.0,Low Risk
STU0764,B,3,Male,73.0,73.0,84.0,81.0,78.0,78.45,Medium Risk
STU0765,A,2,Female,70.0,78.0,73.0,81.0,83.0,78.2,Medium Risk
STU0766,A,1,Male,75.0,83.0,74.0,76.0,80.0,77.9,Medium Risk
STU0767,D,3,Male,60.0,,57.0,57.0,67.0,60.0,High Risk
STU0768,C,3,Female,95.0,85.0,86.0,91.0,88.0,88.45,Low Risk
STU0769,D,1,Female,71.0,72.0,76.0,84.0,70.0,75.2,Medium Risk
STU0770,C,4,Male,99.0,94.0,82.0,99.0,93.0,93.1,Low Risk
STU0771,B,3,Male,96.0,99.0,97.0,97.0,93.0,96.3,Low Risk
STU0772,C,2,Male,94.0,97.0,83.0,87.0,94.0,90.65,Low Risk
STU0773,A,2,Female,81.0,87.0,99.0,96.0,92.0,92.3,Low Risk
STU0774,D,3,Female,81.0,69.0,74.0,73.0,81.0,75.2,Medium Risk
STU0775,B,2,Female,72.0,81.0,70.0,72.0,83.0,76.15,Medium Risk
STU0776,B,2,Female,84.0,83.0,69.0,71.0,74.0,75.05,Medium Risk
STU0777,D,1,Male,72.0,72.0,83.0,76.0,72.0,75.2,Medium Risk
STU0778,C,1,Female,81.0,88.0,90.0,83.0,81.0,84.7,Low Risk
STU0779,A,4,Female,80.0,97.0,86.0,80.0,80.0,84.6,Low Risk
STU0780,D,2,Female,78.0,68.0,77.0,76.0,71.0,73.55,Medium Risk
STU0781,A,3,Male,77.0,84.0,80.0,80.0,84.0,81.5,Low Risk
STU0782,B,4,Male,96.0,94.0,97.0,98.0,81.0,92.55,Low Risk
STU0783,B,2,Male,97.0,89.0,86.0,87.0,,87.7,Low Risk
STU0784,B,2,Male,96.0,99.0,97.0,90.0,100.0,96.3,Low Risk
STU0785,A,2,Male,66.0,,60.0,60.0,62.0,61.9,High Risk
STU0786,B,2,Male,,61.0,57.0,65.0,63.0,62.5,High Risk
STU0787,C,1,Male,95.0,97.0,96.0,85.0,93.0,92.6,Low Risk
STU0788,B,1,Male,82.0,98.0,91.0,81.0,82.0,86.75,Low Risk
STU0789,C,1,Male,85.0,84.0,80.0,,80.0,85.8,Low Risk
STU0790,B,4,Male,65.0,62.0,70.0,55.0,,61.15,High Risk
STU0791,C,2,Female,65.0,61.0,66.0,61.0,66.0,63.65,High Risk
STU0792,B,2,Female,93.0,93.0,95.0,86.0,98.0,92.9,Low Risk
STU0793,B,3,Male,72.0,79.0,73.0,76.0,68.0,73.6,Medium Risk
STU0794,C,4,Male,73.0,80.0,68.0,80.0,74.0,75.4,Medium Risk
STU0795,C,2,Male,82.0,71.0,80.0,72.0,69.0,73.65,Medium Risk
STU0796,C,3,Male,73.0,83.0,81.0,70.0,82.0,78.1,Medium Risk
STU0797,C,1,Male,63.0,63.0,61.0,57.0,65.0,61.6,High Risk
STU0798,B,4,Male,73.0,74.0,77.0,74.0,69.0,73.25,Medium Risk
STU0799,C,4,Female,84.0,68.0,77.0,82.0,77.0,77.15,Medium Risk
STU0800,C,4,Female,76.0,82.0,84.0,81.0,69.0,78.3,Medium Risk
STU0801,D,3,Male,94.0,80.0,90.0,89.0,84.0,86.65,Low Risk
STU0802,D,1,Male,80.0,75.0,,68.0,84.0,77.2,Medium Risk
STU0803,A,2,Female,63.0,63.0,58.0,71.0,,66.0,High Risk
STU0804,D,4,Male,78.0,77.0,80.0,84.0,77.0,79.45,Medium Risk
STU0805,B,3,Female,,76.0,81.0,84.0,71.0,78.55,Medium Risk
STU0806,C,3,Male,82.0,78.0,79.0,76.0,80.0,78.6,Medium Risk
STU0807,B,3,Male,81.0,84.0,70.0,69.0,68.0,73.15,Medium Risk
STU0808,C,2,Male,79.0,84.0,70.0,78.0,84.0,79.2,Medium Risk
STU0809,D,4,Female,83.0,100.0,86.0,93.0,93.0,92.0,Low Risk
STU0810,B,4,Male,80.0,96.0,89.0,95.0,,92.5,Low Risk
STU0811,B,3,Female,73.0,,83.0,74.0,76.0,78.0,Medium Risk
STU0812,A,2,Male,74.0,68.0,80.0,70.0,71.0,72.25,Medium Risk
STU0813,A,2,Female,79.0,84.0,79.0,79.0,68.0,77.25,Medium Risk
STU0814,B,1,Male,79.0,83.0,,75.0,69.0,74.7,Medium Risk
STU0815,C,4,Female,84.0,83.0,69.0,81.0,70.0,76.55,Medium Risk
STU0816,D,1,Female,83.0,93.0,95.0,98.0,81.0,90.65,Low Risk
STU0817,C,2,Female,58.0,66.0,62.0,,70.0,64.15,High Risk
STU0818,C,3,Female,90.0,84.0,95.0,86.0,84.0,87.3,Low Risk
STU0819,C,1,Female,84.0,100.0,84.0,88.0,94.0,90.7,Low Risk
STU0820,D,1,Male,75.0,78.0,73.0,75.0,77.0,75.7,Medium Risk
STU0821,C,2,Female,81.0,77.0,79.0,73.0,79.0,77.3,Medium Risk
STU0822,D,3,Female,64.0,71.0,71.0,57.0,55.0,62.8,High Risk
STU0823,D,1,Female,56.0,64.0,58.0,59.0,56.0,58.75,High Risk
STU0824,D,2,Male,75.0,78.0,79.0,76.0,69.0,75.15,Medium Risk
STU0825,A,2,Female,58.0,64.0,70.0,62.0,58.0,62.6,High Risk
STU0826,A,2,Female,83.0,79.0,74.0,74.0,76.0,76.4,Medium Risk
STU0827,C,2,Female,91.0,91.0,89.0,85.0,96.0,90.35,Low Risk
STU0828,C,2,Female,,75.0,73.0,74.0,68.0,72.8,Medium Risk
STU0829,B,1,Female,99.0,91.0,95.0,89.0,89.0,91.6,Low Risk
STU0830,D,1,Male,77.0,78.0,69.0,75.0,74.0,74.35,Medium Risk
STU0831,C,2,Male,82.0,68.0,72.0,69.0,70.0,70.95,Medium Risk
STU0832,C,2,Female,81.0,75.0,79.0,,84.0,79.15,Medium Risk
STU0833,B,3,Female,68.0,82.0,80.0,75.0,71.0,75.7,Medium Risk
STU0834,B,1,Female,83.0,68.0,79.0,69.0,75.0,73.7,Medium Risk
STU0835,C,4,Female,80.0,70.0,75.0,79.0,69.0,74.0,Medium Risk
STU0836,B,2,Female,72.0,79.0,69.0,72.0,74.0,73.3,Medium Risk
STU0837,A,3,Female,75.0,76.0,82.0,72.0,80.0,77.1,Medium Risk
STU0838,D,4,Female,76.0,81.0,82.0,77.0,74.0,77.95,Medium Risk
STU0839,D,3,Female,82.0,83.0,71.0,73.0,68.0,74.25,Medium Risk
STU0840,C,3,Female,72.0,83.0,80.0,80.0,84.0,80.8,Low Risk
STU0841,A,4,Female,83.0,71.0,75.0,83.0,77.0,77.5,Medium Risk
STU0842,B,4,Female,83.0,68.0,76.0,79.0,72.0,74.85,Medium Risk
STU0843,A,3,Female,70.0,72.0,69.0,81.0,69.0,72.7,Medium Risk
STU0844,A,1,Male,81.0,78.0,77.0,73.0,71.0,75.1,Medium Risk
STU0845,B,3,Male,75.0,72.0,77.0,78.0,82.0,77.3,Medium Risk
STU0846,D,1,Male,77.0,79.0,71.0,83.0,,77.2,Medium Risk
STU0847,C,2,Male,,72.0,70.0,76.0,78.0,74.0,Medium Risk
STU0848,C,1,Female,69.0,76.0,81.0,71.0,76.0,75.05,Medium Risk
STU0849,B,2,Male,89.0,95.0,91.0,99.0,84.0,91.85,Low Risk
STU0850,B,2,Male,64.0,71.0,70.0,57.0,68.0,65.85,High Risk
STU0851,D,3,Male,68.0,60.0,58.0,71.0,63.0,63.9,High Risk
STU0852,D,3,Male,62.0,62.0,69.0,69.0,62.0,65.15,High Risk
STU0853,C,4,Female,84.0,83.0,82.0,80.0,82.0,81.9,Low Risk
STU0854,D,3,Male,79.0,71.0,70.0,84.0,84.0,78.1,Medium Risk
STU0855,A,2,Male,79.0,82.0,83.0,72.0,82.0,79.4,Medium Risk
STU0856,D,4,Male,92.0,97.0,93.0,83.0,83.0,88.7,Low Risk
STU0857,A,3,Female,74.0,79.0,71.0,69.0,69.0,71.9,Medium Risk
STU0858,B,2,Male,76.0,80.0,74.0,72.0,77.0,75.65,Medium Risk
STU0859,C,2,Male,98.0,100.0,87.0,80.0,96.0,91.2,Low Risk
STU0860,A,4,Female,96.0,88.0,96.0,84.0,99.0,92.15,Low Risk
STU0861,B,1,Male,71.0,68.0,80.0,81.0,68.0,73.95,Medium Risk
STU0862,B,3,Male,79.0,77.0,73.0,68.0,74.0,73.4,Medium Risk
STU0863,B,1,Female,95.0,93.0,99.0,99.0,85.0,93.9,Low Risk
STU0864,C,2,Male,82.0,73.0,68.0,68.0,80.0,73.4,Medium Risk
STU0865,C,4,Female,75.0,70.0,80.0,73.0,80.0,75.75,Medium Risk
STU0866,C,1,Male,56.0,70.0,,67.0,71.0,66.1,High Risk
STU0867,C,3,Female,74.0,77.0,77.0,76.0,84.0,78.2,Medium Risk
STU0868,A,3,Female,71.0,84.0,72.0,74.0,74.0,75.3,Medium Risk
STU0869,D,1,Male,58.0,60.0,59.0,66.0,58.0,60.6,High Risk
STU0870,B,4,Male,81.0,72.0,77.0,79.0,84.0,78.65,Medium Risk
STU0871,D,4,Female,55.0,55.0,69.0,63.0,69.0,63.3,High Risk
STU0872,A,1,Male,98.0,92.0,91.0,99.0,80.0,91.15,Low Risk
STU0873,A,1,Female,82.0,74.0,83.0,81.0,74.0,78.35,Medium Risk
STU0874,C,3,Male,81.0,86.0,83.0,97.0,85.0,87.4,Low Risk
STU0875,A,2,Female,93.0,87.0,98.0,82.0,97.0,91.05,Low Risk
STU0876,B,3,Male,74.0,79.0,69.0,78.0,81.0,76.75,Medium Risk
STU0877,C,1,Male,67.0,60.0,58.0,69.0,55.0,61.3,High Risk
STU0878,C,2,Female,72.0,79.0,77.0,73.0,79.0,76.4,Medium Risk
STU0879,C,3,Female,79.0,84.0,71.0,74.0,76.0,76.4,Medium Risk
STU0880,B,3,Female,74.0,69.0,73.0,73.0,80.0,74.05,Medium Risk
STU0881,C,2,Female,82.0,81.0,73.0,72.0,70.0,74.5,Medium Risk
STU0882,A,4,Female,,91.0,95.0,96.0,86.0,90.9,Low Risk
STU0883,A,3,Male,61.0,71.0,60.0,59.0,64.0,63.05,High Risk
STU0884,A,1,Female,73.0,71.0,70.0,70.0,71.0,70.75,Medium Risk
STU0885,B,2,Male,70.0,79.0,75.0,80.0,71.0,75.55,Medium Risk
STU0886,A,1,Female,84.0,71.0,75.0,84.0,70.0,76.1,Medium Risk
STU0887,C,3,Male,58.0,56.0,65.0,69.0,65.0,63.5,High Risk
STU0888,A,1,Male,91.0,84.0,99.0,86.0,86.0,88.7,Low Risk
STU0889,B,4,Female,79.0,80.0,77.0,68.0,75.0,75.05,Medium Risk
STU0890,B,4,Female,70.0,72.0,78.0,74.0,77.0,74.75,Medium Risk
STU0891,B,1,Male,78.0,80.0,74.0,80.0,69.0,75.85,Medium Risk
STU0892,A,1,Male,69.0,83.0,79.0,74.0,74.0,76.3,Medium Risk
STU0893,D,2,Female,61.0,68.0,60.0,60.0,56.0,60.7,High Risk
STU0894,D,1,Female,66.0,71.0,62.0,59.0,71.0,65.7,High Risk
STU0895,A,2,Male,84.0,86.0,97.0,85.0,100.0,91.25,Low Risk
STU0896,B,3,Male,77.0,82.0,77.0,83.0,79.0,80.0,Low Risk
STU0897,A,4,Male,60.0,57.0,56.0,56.0,67.0,59.35,High Risk
STU0898,C,2,Female,100.0,86.0,92.0,99.0,92.0,93.35,Low Risk
STU0899,D,2,Female,82.0,73.0,72.0,69.0,82.0,74.95,Medium Risk
STU0900,A,2,Female,63.0,61.0,58.0,57.0,65.0,60.6,High Risk
STU0901,C,4,Male,55.0,61.0,60.0,68.0,56.0,60.7,High Risk
STU0902,A,3,Female,68.0,70.0,70.0,74.0,68.0,70.3,Medium Risk
STU0903,B,2,Female,69.0,79.0,77.0,72.0,76.0,75.1,Medium Risk
STU0904,A,3,Female,89.0,97.0,91.0,83.0,100.0,92.25,Low Risk
STU0905,A,2,Female,82.0,89.0,84.0,93.0,100.0,91.05,Low Risk
STU0906,D,1,Male,,72.0,82.0,83.0,68.0,76.05,Medium Risk
STU0907,B,3,Female,92.0,95.0,90.0,100.0,81.0,91.45,Low Risk
STU0908,A,1,Male,73.0,,78.0,75.0,75.0,76.6,Medium Risk
STU0909,A,3,Female,59.0,62.0,62.0,68.0,70.0,65.2,High Risk
STU0910,B,3,Male,95.0,83.0,99.0,92.0,84.0,89.9,Low Risk
STU0911,A,1,Male,83.0,73.0,83.0,73.0,81.0,78.0,Medium Risk
STU0912,B,3,Female,80.0,84.0,78.0,75.0,72.0,77.15,Medium Risk
STU0913,B,4,Male,81.0,69.0,76.0,68.0,77.0,73.35,Medium Risk
STU0914,D,2,Male,57.0,60.0,,56.0,56.0,57.7,High Risk
STU0915,A,4,Male,83.0,68.0,68.0,84.0,68.0,73.5,Medium Risk
STU0916,A,2,Male,82.0,70.0,81.0,78.0,79.0,77.65,Medium Risk
STU0917,D,3,Male,77.0,70.0,71.0,83.0,75.0,75.4,Medium Risk
STU0918,A,3,Female,82.0,83.0,82.0,69.0,78.0,77.95,Medium Risk
STU0919,C,2,Female,78.0,72.0,70.0,80.0,77.0,75.45,Medium Risk
STU0920,C,1,Female,77.0,74.0,74.0,70.0,79.0,74.55,Medium Risk
STU0921,D,2,Male,69.0,56.0,63.0,61.0,58.0,60.45,High Risk
STU0922,A,3,Male,92.0,80.0,82.0,95.0,83.0,86.1,Low Risk
STU0923,A,4,Female,68.0,72.0,78.0,80.0,72.0,74.8,Medium Risk
STU0924,D,4,Male,58.0,70.0,63.0,56.0,58.0,60.9,High Risk
STU0925,A,1,Female,67.0,71.0,70.0,63.0,68.0,67.65,High Risk
STU0926,B,3,Male,81.0,81.0,68.0,70.0,74.0,73.9,Medium Risk
STU0927,D,4,Female,98.0,88.0,98.0,84.0,97.0,92.25,Low Risk
STU0928,B,2,Female,81.0,79.0,70.0,72.0,84.0,76.9,Medium Risk
STU0929,A,1,Female,96.0,84.0,92.0,89.0,88.0,89.05,Low Risk
STU0930,A,3,Male,63.0,68.0,69.0,60.0,64.0,64.7,High Risk
STU0931,B,3,Male,84.0,79.0,74.0,83.0,78.0,79.25,Medium Risk
STU0932,B,3,Female,89.0,85.0,92.0,89.0,97.0,90.8,Low Risk
STU0933,D,4,Male,85.0,,83.0,93.0,80.0,86.75,Low Risk
STU0934,A,2,Female,56.0,66.0,59.0,59.0,67.0,62.1,High Risk
STU0935,B,2,Female,82.0,97.0,91.0,82.0,88.0,88.3,Low Risk
STU0936,C,3,Male,71.0,80.0,74.0,79.0,70.0,75.15,Medium Risk
STU0937,B,4,Female,60.0,63.0,66.0,66.0,69.0,65.55,High Risk
STU0938,C,1,Female,72.0,77.0,79.0,77.0,78.0,77.15,Medium Risk
STU0939,B,1,Female,74.0,73.0,70.0,80.0,70.0,73.5,Medium Risk
STU0940,A,4,Female,85.0,90.0,96.0,89.0,91.0,90.7,Low Risk
STU0941,B,1,Male,69.0,71.0,75.0,81.0,79.0,76.1,Medium Risk
STU0942,C,4,Female,78.0,75.0,69.0,82.0,76.0,76.1,Medium Risk
STU0943,C,3,Female,84.0,90.0,94.0,87.0,98.0,91.45,Low Risk
STU0944,C,1,Male,77.0,74.0,76.0,68.0,72.0,72.7,Medium Risk
STU0945,D,1,Male,86.0,91.0,87.0,84.0,89.0,87.45,Low Risk
STU0946,C,1,Male,72.0,,80.0,68.0,78.0,76.1,Medium Risk
STU0947,A,1,Female,83.0,80.0,74.0,68.0,83.0,76.85,Medium Risk
STU0948,D,4,Female,73.0,81.0,73.0,77.0,76.0,76.35,Medium Risk
STU0949,D,3,Female,68.0,60.0,68.0,60.0,61.0,62.65,High Risk
STU0950,B,1,Male,83.0,74.0,75.0,80.0,76.0,77.1,Medium Risk
STU0951,C,2,Male,82.0,69.0,80.0,69.0,69.0,72.5,Medium Risk
STU0952,B,3,Male,62.0,60.0,70.0,71.0,57.0,64.2,High Risk
STU0953,A,3,Female,59.0,57.0,65.0,58.0,59.0,59.55,High Risk
STU0954,A,4,Female,79.0,80.0,76.0,69.0,72.0,74.35,Medium Risk
STU0955,B,3,Female,71.0,78.0,81.0,70.0,83.0,77.15,Medium Risk
STU0956,D,4,Female,76.0,78.0,83.0,77.0,84.0,80.05,Low Risk
STU0957,D,1,Female,69.0,73.0,75.0,70.0,81.0,74.25,Medium Risk
STU0958,C,2,Male,57.0,63.0,60.0,55.0,64.0,60.05,High Risk
STU0959,C,4,Male,83.0,92.0,96.0,87.0,99.0,92.4,Low Risk
STU0960,A,3,Male,93.0,84.0,88.0,100.0,90.0,91.2,Low Risk
STU0961,C,4,Female,62.0,55.0,61.0,68.0,59.0,61.15,High Risk
STU0962,B,3,Male,61.0,56.0,62.0,63.0,57.0,59.7,High Risk
STU0963,C,1,Female,84.0,99.0,,100.0,99.0,96.35,Low Risk
STU0964,A,3,Male,69.0,73.0,76.0,70.0,68.0,71.2,Medium Risk
STU0965,B,1,Female,91.0,95.0,98.0,82.0,91.0,90.95,Low Risk
STU0966,B,1,Female,80.0,82.0,70.0,72.0,75.0,75.15,Medium Risk
STU0967,C,1,Female,83.0,79.0,80.0,80.0,77.0,79.35,Medium Risk
STU0968,B,3,Female,95.0,94.0,91.0,88.0,87.0,90.25,Low Risk
STU0969,A,2,Female,82.0,71.0,84.0,72.0,83.0,77.95,Medium Risk
STU0970,C,4,Female,97.0,,,84.0,95.0,88.25,Low Risk
STU0971,C,1,Male,81.0,82.0,84.0,68.0,84.0,79.3,Medium Risk
STU0972,D,1,Female,93.0,99.0,98.0,100.0,86.0,95.2,Low Risk
STU0973,A,4,Male,81.0,68.0,74.0,75.0,76.0,74.25,Medium Risk
STU0974,B,2,Female,73.0,70.0,72.0,69.0,71.0,70.7,Medium Risk
STU0975,C,2,Female,95.0,96.0,95.0,86.0,,92.95,Low Risk
STU0976,D,1,Female,79.0,,84.0,78.0,71.0,75.95,Medium Risk
STU0977,C,1,Male,,76.0,73.0,70.0,73.0,72.45,Medium Risk
STU0978,A,2,Male,73.0,80.0,69.0,82.0,82.0,78.1,Medium Risk
STU0979,B,4,Female,60.0,61.0,68.0,64.0,71.0,65.55,High Risk
STU0980,D,3,Female,,67.0,68.0,59.0,63.0,63.7,High Risk
STU0981,C,1,Female,60.0,64.0,57.0,65.0,65.0,62.7,High Risk
STU0982,C,1,Female,79.0,82.0,78.0,72.0,72.0,75.9,Medium Risk
STU0983,C,3,Female,66.0,56.0,69.0,58.0,60.0,61.1,High Risk
STU0984,B,2,Male,69.0,75.0,78.0,72.0,81.0,75.75,Medium Risk
STU0985,C,2,Female,90.0,91.0,91.0,82.0,100.0,90.9,Low Risk
STU0986,B,1,Female,61.0,64.0,65.0,69.0,70.0,66.65,High Risk
STU0987,D,1,Male,97.0,92.0,84.0,,93.0,88.9,Low Risk
STU0988,C,1,Female,84.0,100.0,97.0,80.0,87.0,89.55,Low Risk
STU0989,D,4,Male,69.0,73.0,81.0,70.0,79.0,74.95,Medium Risk
STU0990,B,1,Female,82.0,84.0,74.0,81.0,79.0,79.8,Medium Risk
STU0991,B,4,Male,98.0,85.0,97.0,84.0,85.0,88.45,Low Risk
STU0992,D,4,Female,60.0,55.0,66.0,66.0,65.0,62.95,High Risk
STU0993,D,1,Female,59.0,56.0,65.0,64.0,,60.35,High Risk
STU0994,D,3,Female,81.0,75.0,77.0,80.0,75.0,77.25,Medium Risk
STU0995,B,1,Male,96.0,81.0,87.0,86.0,94.0,88.2,Low Risk
STU0996,B,2,Female,87.0,86.0,86.0,93.0,100.0,91.35,Low Risk
STU0997,C,4,Male,66.0,70.0,61.0,60.0,59.0,62.55,High Risk
STU0998,C,1,Male,83.0,78.0,75.0,70.0,74.0,74.9,Medium Risk
STU0999,A,2,Male,64.0,63.0,70.0,63.0,70.0,66.25,High Risk
STU1000,B,3,Female,79.0,74.0,82.0,83.0,75.0,78.6,Medium Risk
